<?xml version="1.0" encoding="UTF-8"?>
<metadata xml:lang="nl"><Esri><CreaDate>20180206</CreaDate><CreaTime>11123500</CreaTime><ArcGISFormat>1.0</ArcGISFormat><SyncOnce>FALSE</SyncOnce><DataProperties><lineage><Process ToolSource="c:\program files (x86)\arcgis\desktop10.2\ArcToolbox\Toolboxes\Data Management Tools.tbx\CalculateField" Date="20161111" Time="163805">CalculateField BB2015_01_footprint bebouwdopp [Sum_opp_m2] VB #</Process><Process ToolSource="c:\program files (x86)\arcgis\desktop10.2\ArcToolbox\Toolboxes\Data Management Tools.tbx\CalculateField" Date="20161111" Time="164205">CalculateField BB2015_01_footprint DenHaag 1 VB #</Process><Process ToolSource="c:\program files (x86)\arcgis\desktop10.2\ArcToolbox\Toolboxes\Conversion Tools.tbx\FeatureClassToFeatureClass" Date="20161128" Time="083256">FeatureClassToFeatureClass BB2015_01 C:\GEO\PROJECT\DSO_BELEID\STEDENBOUW\RK_GETAL\RK_BB2015\RK_BB2016.gdb BB2015 # "FID_1 "FID_1" true true false 9 Long 0 9 ,First,#,C:\GEO\PROJECT\DSO_BELEID\STEDENBOUW\RK_GETAL\RK_BB2015\BB2015_01.shp,FID_1,-1,-1;DenHaag "DenHaag" true true false 4 Short 0 4 ,First,#,C:\GEO\PROJECT\DSO_BELEID\STEDENBOUW\RK_GETAL\RK_BB2015\BB2015_01.shp,DenHaag,-1,-1;brt_koppel "brt_koppel" true true false 100 Text 0 0 ,First,#,C:\GEO\PROJECT\DSO_BELEID\STEDENBOUW\RK_GETAL\RK_BB2015\BB2015_01.shp,brt_koppel,-1,-1;BB_nr "BB_nr" true true false 19 Double 0 0 ,First,#,C:\GEO\PROJECT\DSO_BELEID\STEDENBOUW\RK_GETAL\RK_BB2015\BB2015_01.shp,BB_nr,-1,-1;area_m2 "area_m2" true true false 19 Double 0 0 ,First,#,C:\GEO\PROJECT\DSO_BELEID\STEDENBOUW\RK_GETAL\RK_BB2015\BB2015_01.shp,area_m2,-1,-1;bebouwdopp "bebouwdopp" true true false 19 Double 0 0 ,First,#,C:\GEO\PROJECT\DSO_BELEID\STEDENBOUW\RK_GETAL\RK_BB2015\BB2015_01.shp,bebouwdopp,-1,-1" #</Process><Process ToolSource="c:\program files (x86)\arcgis\desktop10.2\ArcToolbox\Toolboxes\Data Management Tools.tbx\CalculateField" Date="20161128" Time="083932">CalculateField BB2015 area_m2 [Shape_Area] VB #</Process><Process ToolSource="c:\program files (x86)\arcgis\desktop10.2\ArcToolbox\Toolboxes\Data Management Tools.tbx\CalculateField" Date="20161201" Time="165024">CalculateField BB2015_0 area_m2 [Shape_Area] VB #</Process><Process ToolSource="c:\program files (x86)\arcgis\desktop10.2\ArcToolbox\Toolboxes\Conversion Tools.tbx\FeatureClassToFeatureClass" Date="20161219" Time="114625">FeatureClassToFeatureClass BB2015_0 C:\GEO\PROJECT\DSO_BELEID\STEDENBOUW\RK_GETAL\RK_BB2015\spss_dbf2\spss_dbf.gdb test # "DenHaag "DenHaag" true true false 4 Short 0 4 ,First,#,C:\GEO\PROJECT\DSO_BELEID\STEDENBOUW\RK_GETAL\RK_BB2015\BB2015_0.shp,DenHaag,-1,-1;brt_koppel "brt_koppel" true true false 100 Text 0 0 ,First,#,C:\GEO\PROJECT\DSO_BELEID\STEDENBOUW\RK_GETAL\RK_BB2015\BB2015_0.shp,brt_koppel,-1,-1;BB_nr "BB_nr" true true false 19 Double 0 0 ,First,#,C:\GEO\PROJECT\DSO_BELEID\STEDENBOUW\RK_GETAL\RK_BB2015\BB2015_0.shp,BB_nr,-1,-1;area_m2 "area_m2" true true false 19 Double 0 0 ,First,#,C:\GEO\PROJECT\DSO_BELEID\STEDENBOUW\RK_GETAL\RK_BB2015\BB2015_0.shp,area_m2,-1,-1;Shape_Leng "Shape_Leng" true true false 19 Double 0 0 ,First,#,C:\GEO\PROJECT\DSO_BELEID\STEDENBOUW\RK_GETAL\RK_BB2015\BB2015_0.shp,Shape_Leng,-1,-1;Shape_Area "Shape_Area" true true false 19 Double 0 0 ,First,#,C:\GEO\PROJECT\DSO_BELEID\STEDENBOUW\RK_GETAL\RK_BB2015\BB2015_0.shp,Shape_Area,-1,-1" #</Process><Process ToolSource="c:\program files (x86)\arcgis\desktop10.2\ArcToolbox\Toolboxes\Data Management Tools.tbx\JoinField" Date="20161219" Time="114957">JoinField test BB_nr Resultaatbestand_v1 BB2015_0 #</Process><Process ToolSource="c:\program files (x86)\arcgis\desktop10.2\ArcToolbox\Toolboxes\Conversion Tools.tbx\FeatureClassToFeatureClass" Date="20161219" Time="120554">FeatureClassToFeatureClass test C:\GEO\PROJECT\DSO_BELEID\STEDENBOUW\RK_GETAL\RK_BB2015\defbestand.gdb BB2015_2 # "DenHaag "DenHaag" true true false 2 Short 0 0 ,First,#,C:\GEO\PROJECT\DSO_BELEID\STEDENBOUW\RK_GETAL\RK_BB2015\spss_dbf2\spss_dbf.gdb\test,DenHaag,-1,-1;brt_koppel "brt_koppel" true true false 100 Text 0 0 ,First,#,C:\GEO\PROJECT\DSO_BELEID\STEDENBOUW\RK_GETAL\RK_BB2015\spss_dbf2\spss_dbf.gdb\test,brt_koppel,-1,-1;BB_nr "BB_nr" true true false 8 Double 0 0 ,First,#,C:\GEO\PROJECT\DSO_BELEID\STEDENBOUW\RK_GETAL\RK_BB2015\spss_dbf2\spss_dbf.gdb\test,BB_nr,-1,-1;area_m2 "area_m2" true true false 8 Double 0 0 ,First,#,C:\GEO\PROJECT\DSO_BELEID\STEDENBOUW\RK_GETAL\RK_BB2015\spss_dbf2\spss_dbf.gdb\test,area_m2,-1,-1;Shape_Leng "Shape_Leng" true true false 8 Double 0 0 ,First,#,C:\GEO\PROJECT\DSO_BELEID\STEDENBOUW\RK_GETAL\RK_BB2015\spss_dbf2\spss_dbf.gdb\test,Shape_Leng,-1,-1;Shape_Length "Shape_Length" false true true 8 Double 0 0 ,First,#,C:\GEO\PROJECT\DSO_BELEID\STEDENBOUW\RK_GETAL\RK_BB2015\spss_dbf2\spss_dbf.gdb\test,Shape_Length,-1,-1;Shape_Area "Shape_Area" false true true 8 Double 0 0 ,First,#,C:\GEO\PROJECT\DSO_BELEID\STEDENBOUW\RK_GETAL\RK_BB2015\spss_dbf2\spss_dbf.gdb\test,Shape_Area,-1,-1;BB2015_0 "BB2015_0" true true false 8 Double 0 0 ,First,#,C:\GEO\PROJECT\DSO_BELEID\STEDENBOUW\RK_GETAL\RK_BB2015\spss_dbf2\spss_dbf.gdb\test,BB2015_0,-1,-1;AREA_M2_1 "AREA_M2_1" true true false 8 Double 0 0 ,First,#,C:\GEO\PROJECT\DSO_BELEID\STEDENBOUW\RK_GETAL\RK_BB2015\spss_dbf2\spss_dbf.gdb\test,AREA_M2_1,-1,-1;TOTWON "TOTWON" true true false 4 Long 0 0 ,First,#,C:\GEO\PROJECT\DSO_BELEID\STEDENBOUW\RK_GETAL\RK_BB2015\spss_dbf2\spss_dbf.gdb\test,TOTWON,-1,-1;WON_EGW "WON_EGW" true true false 4 Long 0 0 ,First,#,C:\GEO\PROJECT\DSO_BELEID\STEDENBOUW\RK_GETAL\RK_BB2015\spss_dbf2\spss_dbf.gdb\test,WON_EGW,-1,-1;WON_MGW "WON_MGW" true true false 4 Long 0 0 ,First,#,C:\GEO\PROJECT\DSO_BELEID\STEDENBOUW\RK_GETAL\RK_BB2015\spss_dbf2\spss_dbf.gdb\test,WON_MGW,-1,-1;KOOPWON "KOOPWON" true true false 4 Long 0 0 ,First,#,C:\GEO\PROJECT\DSO_BELEID\STEDENBOUW\RK_GETAL\RK_BB2015\spss_dbf2\spss_dbf.gdb\test,KOOPWON,-1,-1;SOCWON "SOCWON" true true false 4 Long 0 0 ,First,#,C:\GEO\PROJECT\DSO_BELEID\STEDENBOUW\RK_GETAL\RK_BB2015\spss_dbf2\spss_dbf.gdb\test,SOCWON,-1,-1;PARTWON "PARTWON" true true false 4 Long 0 0 ,First,#,C:\GEO\PROJECT\DSO_BELEID\STEDENBOUW\RK_GETAL\RK_BB2015\spss_dbf2\spss_dbf.gdb\test,PARTWON,-1,-1;GEIGWON "GEIGWON" true true false 4 Long 0 0 ,First,#,C:\GEO\PROJECT\DSO_BELEID\STEDENBOUW\RK_GETAL\RK_BB2015\spss_dbf2\spss_dbf.gdb\test,GEIGWON,-1,-1;KAMERTOT "KAMERTOT" true true false 4 Float 0 0 ,First,#,C:\GEO\PROJECT\DSO_BELEID\STEDENBOUW\RK_GETAL\RK_BB2015\spss_dbf2\spss_dbf.gdb\test,KAMERTOT,-1,-1;BOUWJTOT "BOUWJTOT" true true false 4 Float 0 0 ,First,#,C:\GEO\PROJECT\DSO_BELEID\STEDENBOUW\RK_GETAL\RK_BB2015\spss_dbf2\spss_dbf.gdb\test,BOUWJTOT,-1,-1;WONBJK_1 "WONBJK_1" true true false 4 Float 0 0 ,First,#,C:\GEO\PROJECT\DSO_BELEID\STEDENBOUW\RK_GETAL\RK_BB2015\spss_dbf2\spss_dbf.gdb\test,WONBJK_1,-1,-1;WONBJK_2 "WONBJK_2" true true false 4 Float 0 0 ,First,#,C:\GEO\PROJECT\DSO_BELEID\STEDENBOUW\RK_GETAL\RK_BB2015\spss_dbf2\spss_dbf.gdb\test,WONBJK_2,-1,-1;WONBJK_3 "WONBJK_3" true true false 4 Float 0 0 ,First,#,C:\GEO\PROJECT\DSO_BELEID\STEDENBOUW\RK_GETAL\RK_BB2015\spss_dbf2\spss_dbf.gdb\test,WONBJK_3,-1,-1;WONBJK_4 "WONBJK_4" true true false 4 Float 0 0 ,First,#,C:\GEO\PROJECT\DSO_BELEID\STEDENBOUW\RK_GETAL\RK_BB2015\spss_dbf2\spss_dbf.gdb\test,WONBJK_4,-1,-1;TOTNW "TOTNW" true true false 4 Long 0 0 ,First,#,C:\GEO\PROJECT\DSO_BELEID\STEDENBOUW\RK_GETAL\RK_BB2015\spss_dbf2\spss_dbf.gdb\test,TOTNW,-1,-1;TOTWNW "TOTWNW" true true false 4 Long 0 0 ,First,#,C:\GEO\PROJECT\DSO_BELEID\STEDENBOUW\RK_GETAL\RK_BB2015\spss_dbf2\spss_dbf.gdb\test,TOTWNW,-1,-1;WON_OPPTOT "WON_OPPTOT" true true false 4 Float 0 0 ,First,#,C:\GEO\PROJECT\DSO_BELEID\STEDENBOUW\RK_GETAL\RK_BB2015\spss_dbf2\spss_dbf.gdb\test,WON_OPPTOT,-1,-1;NW_OPPTOT "NW_OPPTOT" true true false 4 Float 0 0 ,First,#,C:\GEO\PROJECT\DSO_BELEID\STEDENBOUW\RK_GETAL\RK_BB2015\spss_dbf2\spss_dbf.gdb\test,NW_OPPTOT,-1,-1;WNW_OPPTOT "WNW_OPPTOT" true true false 4 Float 0 0 ,First,#,C:\GEO\PROJECT\DSO_BELEID\STEDENBOUW\RK_GETAL\RK_BB2015\spss_dbf2\spss_dbf.gdb\test,WNW_OPPTOT,-1,-1;WON_OZBTOT "WON_OZBTOT" true true false 4 Float 0 0 ,First,#,C:\GEO\PROJECT\DSO_BELEID\STEDENBOUW\RK_GETAL\RK_BB2015\spss_dbf2\spss_dbf.gdb\test,WON_OZBTOT,-1,-1;WON_OPP1 "WON_OPP1" true true false 4 Float 0 0 ,First,#,C:\GEO\PROJECT\DSO_BELEID\STEDENBOUW\RK_GETAL\RK_BB2015\spss_dbf2\spss_dbf.gdb\test,WON_OPP1,-1,-1;WON_OPP2 "WON_OPP2" true true false 4 Float 0 0 ,First,#,C:\GEO\PROJECT\DSO_BELEID\STEDENBOUW\RK_GETAL\RK_BB2015\spss_dbf2\spss_dbf.gdb\test,WON_OPP2,-1,-1;WON_OPP3 "WON_OPP3" true true false 4 Float 0 0 ,First,#,C:\GEO\PROJECT\DSO_BELEID\STEDENBOUW\RK_GETAL\RK_BB2015\spss_dbf2\spss_dbf.gdb\test,WON_OPP3,-1,-1;BEV_LFT_01 "BEV_LFT_01" true true false 4 Float 0 0 ,First,#,C:\GEO\PROJECT\DSO_BELEID\STEDENBOUW\RK_GETAL\RK_BB2015\spss_dbf2\spss_dbf.gdb\test,BEV_LFT_01,-1,-1;BEV_LFT_20 "BEV_LFT_20" true true false 4 Float 0 0 ,First,#,C:\GEO\PROJECT\DSO_BELEID\STEDENBOUW\RK_GETAL\RK_BB2015\spss_dbf2\spss_dbf.gdb\test,BEV_LFT_20,-1,-1;BEV_LFT_65 "BEV_LFT_65" true true false 4 Float 0 0 ,First,#,C:\GEO\PROJECT\DSO_BELEID\STEDENBOUW\RK_GETAL\RK_BB2015\spss_dbf2\spss_dbf.gdb\test,BEV_LFT_65,-1,-1;BEV_AUTOCH "BEV_AUTOCH" true true false 4 Float 0 0 ,First,#,C:\GEO\PROJECT\DSO_BELEID\STEDENBOUW\RK_GETAL\RK_BB2015\spss_dbf2\spss_dbf.gdb\test,BEV_AUTOCH,-1,-1;BEV_ALLOCH "BEV_ALLOCH" true true false 4 Float 0 0 ,First,#,C:\GEO\PROJECT\DSO_BELEID\STEDENBOUW\RK_GETAL\RK_BB2015\spss_dbf2\spss_dbf.gdb\test,BEV_ALLOCH,-1,-1;BEV_TOT "BEV_TOT" true true false 4 Float 0 0 ,First,#,C:\GEO\PROJECT\DSO_BELEID\STEDENBOUW\RK_GETAL\RK_BB2015\spss_dbf2\spss_dbf.gdb\test,BEV_TOT,-1,-1;HUISH_ALLE "HUISH_ALLE" true true false 4 Float 0 0 ,First,#,C:\GEO\PROJECT\DSO_BELEID\STEDENBOUW\RK_GETAL\RK_BB2015\spss_dbf2\spss_dbf.gdb\test,HUISH_ALLE,-1,-1;HUISH_EENO "HUISH_EENO" true true false 4 Float 0 0 ,First,#,C:\GEO\PROJECT\DSO_BELEID\STEDENBOUW\RK_GETAL\RK_BB2015\spss_dbf2\spss_dbf.gdb\test,HUISH_EENO,-1,-1;HUISH_SAME "HUISH_SAME" true true false 4 Float 0 0 ,First,#,C:\GEO\PROJECT\DSO_BELEID\STEDENBOUW\RK_GETAL\RK_BB2015\spss_dbf2\spss_dbf.gdb\test,HUISH_SAME,-1,-1;HUISH_SA_A "HUISH_SA_A" true true false 4 Float 0 0 ,First,#,C:\GEO\PROJECT\DSO_BELEID\STEDENBOUW\RK_GETAL\RK_BB2015\spss_dbf2\spss_dbf.gdb\test,HUISH_SA_A,-1,-1;HUISH_TOT "HUISH_TOT" true true false 4 Long 0 0 ,First,#,C:\GEO\PROJECT\DSO_BELEID\STEDENBOUW\RK_GETAL\RK_BB2015\spss_dbf2\spss_dbf.gdb\test,HUISH_TOT,-1,-1;BEDRIJF_TO "BEDRIJF_TO" true true false 4 Long 0 0 ,First,#,C:\GEO\PROJECT\DSO_BELEID\STEDENBOUW\RK_GETAL\RK_BB2015\spss_dbf2\spss_dbf.gdb\test,BEDRIJF_TO,-1,-1;WGL "WGL" true true false 4 Float 0 0 ,First,#,C:\GEO\PROJECT\DSO_BELEID\STEDENBOUW\RK_GETAL\RK_BB2015\spss_dbf2\spss_dbf.gdb\test,WGL,-1,-1;AUTOBEZ "AUTOBEZ" true true false 4 Float 0 0 ,First,#,C:\GEO\PROJECT\DSO_BELEID\STEDENBOUW\RK_GETAL\RK_BB2015\spss_dbf2\spss_dbf.gdb\test,AUTOBEZ,-1,-1;AWONMGW "AWONMGW" true true false 4 Float 0 0 ,First,#,C:\GEO\PROJECT\DSO_BELEID\STEDENBOUW\RK_GETAL\RK_BB2015\spss_dbf2\spss_dbf.gdb\test,AWONMGW,-1,-1;AWONEGW "AWONEGW" true true false 4 Float 0 0 ,First,#,C:\GEO\PROJECT\DSO_BELEID\STEDENBOUW\RK_GETAL\RK_BB2015\spss_dbf2\spss_dbf.gdb\test,AWONEGW,-1,-1;AWONSOC "AWONSOC" true true false 4 Float 0 0 ,First,#,C:\GEO\PROJECT\DSO_BELEID\STEDENBOUW\RK_GETAL\RK_BB2015\spss_dbf2\spss_dbf.gdb\test,AWONSOC,-1,-1;AWONPART "AWONPART" true true false 4 Float 0 0 ,First,#,C:\GEO\PROJECT\DSO_BELEID\STEDENBOUW\RK_GETAL\RK_BB2015\spss_dbf2\spss_dbf.gdb\test,AWONPART,-1,-1;AWONKOOP "AWONKOOP" true true false 4 Float 0 0 ,First,#,C:\GEO\PROJECT\DSO_BELEID\STEDENBOUW\RK_GETAL\RK_BB2015\spss_dbf2\spss_dbf.gdb\test,AWONKOOP,-1,-1;GEMWONKAME "GEMWONKAME" true true false 4 Float 0 0 ,First,#,C:\GEO\PROJECT\DSO_BELEID\STEDENBOUW\RK_GETAL\RK_BB2015\spss_dbf2\spss_dbf.gdb\test,GEMWONKAME,-1,-1;GEMWONOPP "GEMWONOPP" true true false 4 Float 0 0 ,First,#,C:\GEO\PROJECT\DSO_BELEID\STEDENBOUW\RK_GETAL\RK_BB2015\spss_dbf2\spss_dbf.gdb\test,GEMWONOPP,-1,-1;WONM2PRIJS "WONM2PRIJS" true true false 4 Float 0 0 ,First,#,C:\GEO\PROJECT\DSO_BELEID\STEDENBOUW\RK_GETAL\RK_BB2015\spss_dbf2\spss_dbf.gdb\test,WONM2PRIJS,-1,-1;GEMBOUWJ "GEMBOUWJ" true true false 4 Float 0 0 ,First,#,C:\GEO\PROJECT\DSO_BELEID\STEDENBOUW\RK_GETAL\RK_BB2015\spss_dbf2\spss_dbf.gdb\test,GEMBOUWJ,-1,-1;AWONBJK1 "AWONBJK1" true true false 4 Float 0 0 ,First,#,C:\GEO\PROJECT\DSO_BELEID\STEDENBOUW\RK_GETAL\RK_BB2015\spss_dbf2\spss_dbf.gdb\test,AWONBJK1,-1,-1;AWONBJK2 "AWONBJK2" true true false 4 Float 0 0 ,First,#,C:\GEO\PROJECT\DSO_BELEID\STEDENBOUW\RK_GETAL\RK_BB2015\spss_dbf2\spss_dbf.gdb\test,AWONBJK2,-1,-1;AWONBJK3 "AWONBJK3" true true false 4 Float 0 0 ,First,#,C:\GEO\PROJECT\DSO_BELEID\STEDENBOUW\RK_GETAL\RK_BB2015\spss_dbf2\spss_dbf.gdb\test,AWONBJK3,-1,-1;AWONBJK4 "AWONBJK4" true true false 4 Float 0 0 ,First,#,C:\GEO\PROJECT\DSO_BELEID\STEDENBOUW\RK_GETAL\RK_BB2015\spss_dbf2\spss_dbf.gdb\test,AWONBJK4,-1,-1;AWONBVO1 "AWONBVO1" true true false 4 Float 0 0 ,First,#,C:\GEO\PROJECT\DSO_BELEID\STEDENBOUW\RK_GETAL\RK_BB2015\spss_dbf2\spss_dbf.gdb\test,AWONBVO1,-1,-1;AWONBVO2 "AWONBVO2" true true false 4 Float 0 0 ,First,#,C:\GEO\PROJECT\DSO_BELEID\STEDENBOUW\RK_GETAL\RK_BB2015\spss_dbf2\spss_dbf.gdb\test,AWONBVO2,-1,-1;AWONBVO3 "AWONBVO3" true true false 4 Float 0 0 ,First,#,C:\GEO\PROJECT\DSO_BELEID\STEDENBOUW\RK_GETAL\RK_BB2015\spss_dbf2\spss_dbf.gdb\test,AWONBVO3,-1,-1;WON_OZBGEM "WON_OZBGEM" true true false 4 Float 0 0 ,First,#,C:\GEO\PROJECT\DSO_BELEID\STEDENBOUW\RK_GETAL\RK_BB2015\spss_dbf2\spss_dbf.gdb\test,WON_OZBGEM,-1,-1;AUTOWON "AUTOWON" true true false 4 Float 0 0 ,First,#,C:\GEO\PROJECT\DSO_BELEID\STEDENBOUW\RK_GETAL\RK_BB2015\spss_dbf2\spss_dbf.gdb\test,AUTOWON,-1,-1;WONDICHT "WONDICHT" true true false 4 Float 0 0 ,First,#,C:\GEO\PROJECT\DSO_BELEID\STEDENBOUW\RK_GETAL\RK_BB2015\spss_dbf2\spss_dbf.gdb\test,WONDICHT,-1,-1;ABEV019 "ABEV019" true true false 4 Float 0 0 ,First,#,C:\GEO\PROJECT\DSO_BELEID\STEDENBOUW\RK_GETAL\RK_BB2015\spss_dbf2\spss_dbf.gdb\test,ABEV019,-1,-1;ABEV2064 "ABEV2064" true true false 4 Float 0 0 ,First,#,C:\GEO\PROJECT\DSO_BELEID\STEDENBOUW\RK_GETAL\RK_BB2015\spss_dbf2\spss_dbf.gdb\test,ABEV2064,-1,-1;ABEV65 "ABEV65" true true false 4 Float 0 0 ,First,#,C:\GEO\PROJECT\DSO_BELEID\STEDENBOUW\RK_GETAL\RK_BB2015\spss_dbf2\spss_dbf.gdb\test,ABEV65,-1,-1;ABEVAUTOCH "ABEVAUTOCH" true true false 4 Float 0 0 ,First,#,C:\GEO\PROJECT\DSO_BELEID\STEDENBOUW\RK_GETAL\RK_BB2015\spss_dbf2\spss_dbf.gdb\test,ABEVAUTOCH,-1,-1;ABEVALLOCH "ABEVALLOCH" true true false 4 Float 0 0 ,First,#,C:\GEO\PROJECT\DSO_BELEID\STEDENBOUW\RK_GETAL\RK_BB2015\spss_dbf2\spss_dbf.gdb\test,ABEVALLOCH,-1,-1;AHHALLEEN "AHHALLEEN" true true false 4 Float 0 0 ,First,#,C:\GEO\PROJECT\DSO_BELEID\STEDENBOUW\RK_GETAL\RK_BB2015\spss_dbf2\spss_dbf.gdb\test,AHHALLEEN,-1,-1;BEVDICHT "BEVDICHT" true true false 4 Float 0 0 ,First,#,C:\GEO\PROJECT\DSO_BELEID\STEDENBOUW\RK_GETAL\RK_BB2015\spss_dbf2\spss_dbf.gdb\test,BEVDICHT,-1,-1;AHHSAMEN_Z "AHHSAMEN_Z" true true false 4 Float 0 0 ,First,#,C:\GEO\PROJECT\DSO_BELEID\STEDENBOUW\RK_GETAL\RK_BB2015\spss_dbf2\spss_dbf.gdb\test,AHHSAMEN_Z,-1,-1;AHHSAMEN_M "AHHSAMEN_M" true true false 4 Float 0 0 ,First,#,C:\GEO\PROJECT\DSO_BELEID\STEDENBOUW\RK_GETAL\RK_BB2015\spss_dbf2\spss_dbf.gdb\test,AHHSAMEN_M,-1,-1;AHHEENOUD "AHHEENOUD" true true false 4 Float 0 0 ,First,#,C:\GEO\PROJECT\DSO_BELEID\STEDENBOUW\RK_GETAL\RK_BB2015\spss_dbf2\spss_dbf.gdb\test,AHHEENOUD,-1,-1;HHOMVGEM "HHOMVGEM" true true false 4 Float 0 0 ,First,#,C:\GEO\PROJECT\DSO_BELEID\STEDENBOUW\RK_GETAL\RK_BB2015\spss_dbf2\spss_dbf.gdb\test,HHOMVGEM,-1,-1;GEMWONBEZ "GEMWONBEZ" true true false 4 Float 0 0 ,First,#,C:\GEO\PROJECT\DSO_BELEID\STEDENBOUW\RK_GETAL\RK_BB2015\spss_dbf2\spss_dbf.gdb\test,GEMWONBEZ,-1,-1;AUTODICHT "AUTODICHT" true true false 4 Float 0 0 ,First,#,C:\GEO\PROJECT\DSO_BELEID\STEDENBOUW\RK_GETAL\RK_BB2015\spss_dbf2\spss_dbf.gdb\test,AUTODICHT,-1,-1;BEDDICHT "BEDDICHT" true true false 4 Float 0 0 ,First,#,C:\GEO\PROJECT\DSO_BELEID\STEDENBOUW\RK_GETAL\RK_BB2015\spss_dbf2\spss_dbf.gdb\test,BEDDICHT,-1,-1;WERKNDICHT "WERKNDICHT" true true false 4 Float 0 0 ,First,#,C:\GEO\PROJECT\DSO_BELEID\STEDENBOUW\RK_GETAL\RK_BB2015\spss_dbf2\spss_dbf.gdb\test,WERKNDICHT,-1,-1;FSI "FSI" true true false 4 Float 0 0 ,First,#,C:\GEO\PROJECT\DSO_BELEID\STEDENBOUW\RK_GETAL\RK_BB2015\spss_dbf2\spss_dbf.gdb\test,FSI,-1,-1;area_beb "area_beb" true true false 8 Double 0 0 ,First,#,C:\GEO\PROJECT\DSO_BELEID\STEDENBOUW\RK_GETAL\RK_BB2015\spss_dbf2\spss_dbf.gdb\test,area_beb,-1,-1;GSI "GSI" true true false 8 Double 0 0 ,First,#,C:\GEO\PROJECT\DSO_BELEID\STEDENBOUW\RK_GETAL\RK_BB2015\spss_dbf2\spss_dbf.gdb\test,GSI,-1,-1" #</Process><Process ToolSource="c:\program files (x86)\arcgis\desktop10.2\ArcToolbox\Toolboxes\Conversion Tools.tbx\FeatureClassToFeatureClass" Date="20170220" Time="151130">FeatureClassToFeatureClass RI_bouwblokken C:\GEO\projecten\bestuur\statistieken\RKgetallen\bouwblok_update\bouwblok_update.gdb bouwblok_update # "DenHaag "DenHaag" true true false 4 Short 0 4 ,First,#,C:\GEO\basisthema\denhaag\shp\RI_bouwblokken.shp,DenHaag,-1,-1;brt_koppel "brt_koppel" true true false 100 Text 0 0 ,First,#,C:\GEO\basisthema\denhaag\shp\RI_bouwblokken.shp,brt_koppel,-1,-1;BB_nr "BB_nr" true true false 19 Double 0 0 ,First,#,C:\GEO\basisthema\denhaag\shp\RI_bouwblokken.shp,BB_nr,-1,-1;area_m2 "area_m2" true true false 19 Double 0 0 ,First,#,C:\GEO\basisthema\denhaag\shp\RI_bouwblokken.shp,area_m2,-1,-1" #</Process><Process ToolSource="c:\program files (x86)\arcgis\desktop10.2\ArcToolbox\Toolboxes\Data Management Tools.tbx\CalculateField" Date="20170901" Time="100329">CalculateField bouwblok_update focusgebied "CID" VB #</Process><Process ToolSource="c:\program files (x86)\arcgis\desktop10.2\ArcToolbox\Toolboxes\Data Management Tools.tbx\CalculateField" Date="20170901" Time="100410">CalculateField bouwblok_update focusgebied "CID-kern" VB #</Process><Process ToolSource="c:\program files (x86)\arcgis\desktop10.2\ArcToolbox\Toolboxes\Data Management Tools.tbx\CalculateField" Date="20170901" Time="100515">CalculateField bouwblok_update focusgebied "IZ" VB #</Process><Process ToolSource="c:\program files (x86)\arcgis\desktop10.2\ArcToolbox\Toolboxes\Data Management Tools.tbx\CalculateField" Date="20170901" Time="100541">CalculateField bouwblok_update focusgebied "IZ-kern" VB #</Process><Process ToolSource="c:\program files (x86)\arcgis\desktop10.2\ArcToolbox\Toolboxes\Conversion Tools.tbx\FeatureClassToFeatureClass" Date="20180108" Time="101110">FeatureClassToFeatureClass bouwblok_update C:\GEO\projecten_oud\bestuur\statistieken\RKgetallen\bouwblok_update\bouwblok_update.gdb bouwblok_2018 # "DenHaag "DenHaag" true true false 2 Short 0 0 ,First,#,C:\GEO\projecten_oud\bestuur\statistieken\RKgetallen\bouwblok_update\bouwblok_update.gdb\bouwblok_update,DenHaag,-1,-1;brt_koppel "brt_koppel" true true false 100 Text 0 0 ,First,#,C:\GEO\projecten_oud\bestuur\statistieken\RKgetallen\bouwblok_update\bouwblok_update.gdb\bouwblok_update,brt_koppel,-1,-1;BB_nr "BB_nr" true true false 8 Double 0 0 ,First,#,C:\GEO\projecten_oud\bestuur\statistieken\RKgetallen\bouwblok_update\bouwblok_update.gdb\bouwblok_update,BB_nr,-1,-1;area_m2 "area_m2" true true false 8 Double 0 0 ,First,#,C:\GEO\projecten_oud\bestuur\statistieken\RKgetallen\bouwblok_update\bouwblok_update.gdb\bouwblok_update,area_m2,-1,-1;Shape_Length "Shape_Length" false true true 8 Double 0 0 ,First,#,C:\GEO\projecten_oud\bestuur\statistieken\RKgetallen\bouwblok_update\bouwblok_update.gdb\bouwblok_update,Shape_Length,-1,-1;Shape_Area "Shape_Area" false true true 8 Double 0 0 ,First,#,C:\GEO\projecten_oud\bestuur\statistieken\RKgetallen\bouwblok_update\bouwblok_update.gdb\bouwblok_update,Shape_Area,-1,-1;focusgebied "focusgebied" true true false 50 Text 0 0 ,First,#,C:\GEO\projecten_oud\bestuur\statistieken\RKgetallen\bouwblok_update\bouwblok_update.gdb\bouwblok_update,focusgebied,-1,-1" #</Process><Process ToolSource="c:\program files (x86)\arcgis\desktop10.2\ArcToolbox\Toolboxes\Data Management Tools.tbx\CalculateField" Date="20180108" Time="171221">CalculateField aabouwblok_2018 brt_koppel "97 Kraayenstein &amp; Vroondaal" PYTHON_9.3 #</Process><Process ToolSource="c:\program files (x86)\arcgis\desktop10.2\ArcToolbox\Toolboxes\Data Management Tools.tbx\Dissolve" Date="20180206" Time="111115">Dissolve RI_bouwblokken C:\Users\soreilm\Documents\ArcGIS\Default.gdb\RI_bouwblokken_Dissolve focusgebie # SINGLE_PART DISSOLVE_LINES</Process></lineage><itemProps><itemName Sync="TRUE">RI_bouwblokken_Dissolve</itemName><imsContentType Sync="TRUE">002</imsContentType><itemLocation><linkage Sync="TRUE">file://\\SW363\C$\Users\soreilm\Documents\ArcGIS\Default.gdb</linkage><protocol Sync="TRUE">Local Area Network</protocol></itemLocation></itemProps><coordRef><type Sync="TRUE">Projected</type><geogcsn Sync="TRUE">GCS_Amersfoort</geogcsn><csUnits Sync="TRUE">Linear Unit: Meter (1.000000)</csUnits><projcsn Sync="TRUE">RD_New</projcsn><peXml Sync="TRUE">&lt;ProjectedCoordinateSystem xsi:type='typens:ProjectedCoordinateSystem' xmlns:xsi='http://www.w3.org/2001/XMLSchema-instance' xmlns:xs='http://www.w3.org/2001/XMLSchema' xmlns:typens='http://www.esri.com/schemas/ArcGIS/10.1'&gt;&lt;WKT&gt;PROJCS[&amp;quot;RD_New&amp;quot;,GEOGCS[&amp;quot;GCS_Amersfoort&amp;quot;,DATUM[&amp;quot;D_Amersfoort&amp;quot;,SPHEROID[&amp;quot;Bessel_1841&amp;quot;,6377397.155,299.1528128]],PRIMEM[&amp;quot;Greenwich&amp;quot;,0.0],UNIT[&amp;quot;Degree&amp;quot;,0.0174532925199433]],PROJECTION[&amp;quot;Double_Stereographic&amp;quot;],PARAMETER[&amp;quot;False_Easting&amp;quot;,155000.0],PARAMETER[&amp;quot;False_Northing&amp;quot;,463000.0],PARAMETER[&amp;quot;Central_Meridian&amp;quot;,5.38763888888889],PARAMETER[&amp;quot;Scale_Factor&amp;quot;,0.9999079],PARAMETER[&amp;quot;Latitude_Of_Origin&amp;quot;,52.15616055555555],UNIT[&amp;quot;Meter&amp;quot;,1.0],AUTHORITY[&amp;quot;EPSG&amp;quot;,28992]]&lt;/WKT&gt;&lt;XOrigin&gt;-30515500&lt;/XOrigin&gt;&lt;YOrigin&gt;-30279500&lt;/YOrigin&gt;&lt;XYScale&gt;10000&lt;/XYScale&gt;&lt;ZOrigin&gt;-100000&lt;/ZOrigin&gt;&lt;ZScale&gt;10000&lt;/ZScale&gt;&lt;MOrigin&gt;-100000&lt;/MOrigin&gt;&lt;MScale&gt;10000&lt;/MScale&gt;&lt;XYTolerance&gt;0.001&lt;/XYTolerance&gt;&lt;ZTolerance&gt;0.001&lt;/ZTolerance&gt;&lt;MTolerance&gt;0.001&lt;/MTolerance&gt;&lt;HighPrecision&gt;true&lt;/HighPrecision&gt;&lt;WKID&gt;28992&lt;/WKID&gt;&lt;LatestWKID&gt;28992&lt;/LatestWKID&gt;&lt;/ProjectedCoordinateSystem&gt;</peXml></coordRef><copyHistory><copy source="C:\GEO\projecten_oud\bestuur\statistieken\RKgetallen\bouwblok_update\bouwblok2018" dest="\\SW363\C$\GEO\basisthema\denhaag\shp\bouwblok2018" date="20180115" time="16104000"></copy></copyHistory></DataProperties><SyncDate>20180206</SyncDate><SyncTime>11111000</SyncTime><ModDate>20180206</ModDate><ModTime>11111000</ModTime></Esri><dataIdInfo><envirDesc Sync="TRUE"> Version 6.2 (Build 9200) ; Esri ArcGIS 10.2.0.3348</envirDesc><dataLang><languageCode value="eng" Sync="TRUE"></languageCode><countryCode value="USA" Sync="TRUE"></countryCode></dataLang><idCitation><resTitle Sync="TRUE">RI_bouwblokken_Dissolve</resTitle><presForm><PresFormCd value="005" Sync="TRUE"></PresFormCd></presForm></idCitation><spatRpType><SpatRepTypCd value="001" Sync="TRUE"></SpatRepTypCd></spatRpType></dataIdInfo><mdLang><languageCode value="eng" Sync="TRUE"></languageCode><countryCode value="USA" Sync="TRUE"></countryCode></mdLang><distInfo><distFormat><formatName Sync="TRUE">File Geodatabase Feature Class</formatName></distFormat></distInfo><mdHrLv><ScopeCd value="005" Sync="TRUE"></ScopeCd></mdHrLv><mdHrLvName Sync="TRUE">dataset</mdHrLvName><refSysInfo><RefSystem><refSysID><identCode code="28992" Sync="TRUE"></identCode><idCodeSpace Sync="TRUE">EPSG</idCodeSpace><idVersion Sync="TRUE">8.1.1</idVersion></refSysID></RefSystem></refSysInfo><spatRepInfo><VectSpatRep><geometObjs Name="RI_bouwblokken_Dissolve"><geoObjTyp><GeoObjTypCd value="002" Sync="TRUE"></GeoObjTypCd></geoObjTyp><geoObjCnt Sync="TRUE">0</geoObjCnt></geometObjs><topLvl><TopoLevCd value="001" Sync="TRUE"></TopoLevCd></topLvl></VectSpatRep></spatRepInfo><spdoinfo><ptvctinf><esriterm Name="RI_bouwblokken_Dissolve"><efeatyp Sync="TRUE">Simple</efeatyp><efeageom code="4" Sync="TRUE"></efeageom><esritopo Sync="TRUE">FALSE</esritopo><efeacnt Sync="TRUE">0</efeacnt><spindex Sync="TRUE">TRUE</spindex><linrefer Sync="TRUE">FALSE</linrefer></esriterm></ptvctinf></spdoinfo><eainfo><detailed Name="RI_bouwblokken_Dissolve"><enttyp><enttypl Sync="TRUE">RI_bouwblokken_Dissolve</enttypl><enttypt Sync="TRUE">Feature Class</enttypt><enttypc Sync="TRUE">0</enttypc></enttyp><attr><attrlabl Sync="TRUE">OBJECTID</attrlabl><attalias Sync="TRUE">OBJECTID</attalias><attrtype Sync="TRUE">OID</attrtype><attwidth Sync="TRUE">4</attwidth><atprecis Sync="TRUE">0</atprecis><attscale Sync="TRUE">0</attscale><attrdef Sync="TRUE">Internal feature number.</attrdef><attrdefs Sync="TRUE">Esri</attrdefs><attrdomv><udom Sync="TRUE">Sequential unique whole numbers that are automatically generated.</udom></attrdomv></attr><attr><attrlabl Sync="TRUE">Shape</attrlabl><attalias Sync="TRUE">Shape</attalias><attrtype Sync="TRUE">Geometry</attrtype><attwidth Sync="TRUE">0</attwidth><atprecis Sync="TRUE">0</atprecis><attscale Sync="TRUE">0</attscale><attrdef Sync="TRUE">Feature geometry.</attrdef><attrdefs Sync="TRUE">Esri</attrdefs><attrdomv><udom Sync="TRUE">Coordinates defining the features.</udom></attrdomv></attr><attr><attrlabl Sync="TRUE">focusgebie</attrlabl><attalias Sync="TRUE">focusgebie</attalias><attrtype Sync="TRUE">String</attrtype><attwidth Sync="TRUE">50</attwidth><atprecis Sync="TRUE">0</atprecis><attscale Sync="TRUE">0</attscale></attr><attr><attrlabl Sync="TRUE">Shape_Length</attrlabl><attalias Sync="TRUE">Shape_Length</attalias><attrtype Sync="TRUE">Double</attrtype><attwidth Sync="TRUE">8</attwidth><atprecis Sync="TRUE">0</atprecis><attscale Sync="TRUE">0</attscale><attrdef Sync="TRUE">Length of feature in internal units.</attrdef><attrdefs Sync="TRUE">Esri</attrdefs><attrdomv><udom Sync="TRUE">Positive real numbers that are automatically generated.</udom></attrdomv></attr><attr><attrlabl Sync="TRUE">Shape_Area</attrlabl><attalias Sync="TRUE">Shape_Area</attalias><attrtype Sync="TRUE">Double</attrtype><attwidth Sync="TRUE">8</attwidth><atprecis Sync="TRUE">0</atprecis><attscale Sync="TRUE">0</attscale><attrdef Sync="TRUE">Area of feature in internal units squared.</attrdef><attrdefs Sync="TRUE">Esri</attrdefs><attrdomv><udom Sync="TRUE">Positive real numbers that are automatically generated.</udom></attrdomv></attr></detailed></eainfo><mdDateSt Sync="TRUE">20180206</mdDateSt></metadata>
